time,current_height,error,u,motor,acceleration,current_speed
9198,0.00,5.00000,0.01,0.01,1.20,0.01
9218,0.00,5.00000,0.03,0.03,1.20,0.03
9238,0.00,5.00000,0.05,0.05,1.20,0.05
9259,0.00,5.00000,0.08,0.08,1.20,0.08
9279,0.00,5.00000,0.10,0.10,1.20,0.10
9299,0.00,5.00000,0.13,0.13,1.20,0.13
9320,0.00,4.99976,0.15,0.15,1.20,0.15
9339,0.00,4.99905,0.18,0.18,1.20,0.18
9360,0.00,4.99809,0.20,0.20,1.20,0.20
9380,0.00,4.99642,0.22,0.22,1.20,0.22
9401,0.01,4.99475,0.25,0.25,1.20,0.25
9421,0.01,4.99237,0.27,0.27,1.20,0.27
9441,0.01,4.98974,0.30,0.30,1.20,0.30
9461,0.01,4.98640,0.32,0.32,1.20,0.32
9482,0.02,4.98282,0.35,0.35,1.20,0.35
9502,0.02,4.97877,0.37,0.37,1.20,0.37
9523,0.03,4.97424,0.39,0.39,1.20,0.39
9542,0.03,4.96923,0.42,0.42,1.20,0.42
9563,0.04,4.96374,0.44,0.44,1.20,0.44
9583,0.04,4.95778,0.47,0.47,1.20,0.47
9604,0.05,4.95134,0.49,0.49,1.20,0.49
9624,0.06,4.94418,0.52,0.52,1.20,0.52
9644,0.06,4.93678,0.54,0.54,1.20,0.54
9664,0.07,4.92891,0.57,0.57,1.20,0.57
9684,0.08,4.92056,0.59,0.59,1.20,0.59
9705,0.09,4.91174,0.61,0.61,1.20,0.61
9725,0.10,4.90267,0.64,0.64,1.20,0.64
9745,0.11,4.89289,0.66,0.66,1.20,0.66
9765,0.12,4.88263,0.69,0.69,1.20,0.69
9786,0.13,4.87214,0.71,0.71,1.20,0.71
9806,0.14,4.86093,0.74,0.74,1.20,0.74
9827,0.15,4.84947,0.76,0.76,1.20,0.76
9846,0.16,4.83731,0.78,0.78,1.20,0.78
9867,0.18,4.82490,0.81,0.81,1.20,0.81
9887,0.19,4.81226,0.83,0.83,1.20,0.83
9908,0.20,4.79914,0.86,0.86,1.20,0.86
9928,0.21,4.78578,0.88,0.88,1.20,0.88
9949,0.23,4.77147,0.91,0.91,1.20,0.91
9968,0.24,4.75692,0.93,0.93,1.20,0.93
9989,0.26,4.74165,0.96,0.96,1.20,0.96
10009,0.27,4.72591,0.98,0.98,1.20,0.98
10037,0.29,4.70945,1.00,1.00,0.99,1.00
10058,0.31,4.68607,9.00,1.00,0.00,1.00
10079,0.33,4.66842,8.96,1.00,0.00,1.00
10099,0.35,4.65029,8.89,1.00,0.00,1.00
10121,0.37,4.63192,8.87,1.00,0.00,1.00
10141,0.39,4.61307,8.82,1.00,0.00,1.00
10162,0.41,4.59423,8.78,1.00,0.00,1.00
10183,0.42,4.57538,8.72,1.00,0.00,1.00
10204,0.44,4.55630,8.72,1.00,0.00,1.00
10224,0.46,4.53697,8.63,1.00,0.00,1.00
10246,0.48,4.51765,8.62,1.00,0.00,1.00
10266,0.50,4.49833,8.58,1.00,0.00,1.00
10287,0.52,4.47901,8.54,1.00,0.00,1.00
10307,0.54,4.45945,8.47,1.00,0.00,1.00
10329,0.56,4.43988,8.48,1.00,0.00,1.00
10349,0.58,4.42056,8.40,1.00,0.00,1.00
10370,0.60,4.40100,8.38,1.00,0.00,1.00
10391,0.62,4.38144,8.34,1.00,0.00,1.00
10412,0.64,4.36164,8.29,1.00,0.00,1.00
10432,0.66,4.34208,8.24,1.00,0.00,1.00
10454,0.68,4.32252,8.20,1.00,0.00,1.00
10474,0.70,4.30296,8.20,1.00,0.00,1.00
10494,0.72,4.28340,8.12,1.00,0.00,1.00
10516,0.74,4.26384,8.10,1.00,0.00,1.00
10536,0.76,4.24427,8.06,1.00,0.00,1.00
10557,0.78,4.22471,8.02,1.00,0.00,1.00
10578,0.79,4.20515,7.96,1.00,0.00,1.00
10599,0.81,4.18559,7.97,1.00,0.00,1.00
10619,0.83,4.16579,7.88,1.00,0.00,1.00
10640,0.85,4.14623,7.87,1.00,0.00,1.00
10661,0.87,4.12667,7.83,1.00,0.00,1.00
10682,0.89,4.10711,7.79,1.00,0.00,1.00
10702,0.91,4.08731,7.72,1.00,0.00,1.00
10724,0.93,4.06775,7.73,1.00,0.00,1.00
10744,0.95,4.04819,7.65,1.00,0.00,1.00
10765,0.97,4.02839,7.63,1.00,0.00,1.00
10786,0.99,4.00883,7.57,1.00,0.00,1.00
10807,1.01,3.98927,7.57,1.00,0.00,1.00
10827,1.03,3.96970,7.49,1.00,0.00,1.00
10849,1.05,3.95014,7.48,1.00,0.00,1.00
10869,1.07,3.93058,7.44,1.00,0.00,1.00
10890,1.09,3.91078,7.39,1.00,0.00,1.00
10911,1.11,3.89122,7.33,1.00,0.00,1.00
10932,1.13,3.87166,7.34,1.00,0.00,1.00
10952,1.15,3.85210,7.26,1.00,0.00,1.00
10973,1.17,3.83230,7.23,1.00,0.00,1.00
10994,1.19,3.81274,7.20,1.00,0.00,1.00
11015,1.21,3.79294,7.16,1.00,0.00,1.00
11035,1.23,3.77338,7.10,1.00,0.00,1.00
11057,1.25,3.75382,7.10,1.00,0.00,1.00
11077,1.27,3.73402,7.01,1.00,0.00,1.00
11098,1.29,3.71446,7.00,1.00,0.00,1.00
11119,1.31,3.69466,6.94,1.00,0.00,1.00
11140,1.32,3.67510,6.95,1.00,0.00,1.00
11160,1.34,3.65553,6.86,1.00,0.00,1.00
11182,1.36,3.63573,6.84,1.00,0.00,1.00
11202,1.38,3.61594,6.80,1.00,0.00,1.00
11223,1.40,3.59637,6.77,1.00,0.00,1.00
11244,1.42,3.57681,6.71,1.00,0.00,1.00
11265,1.44,3.55725,6.71,1.00,0.00,1.00
11285,1.46,3.53745,6.62,1.00,0.00,1.00
11305,1.48,3.51789,6.59,1.00,0.00,1.00
11327,1.50,3.49833,6.59,1.00,0.00,1.00
11347,1.52,3.47853,6.50,1.00,0.00,1.00
11368,1.54,3.45897,6.49,1.00,0.00,1.00
11389,1.56,3.43917,6.42,1.00,0.00,1.00
11410,1.58,3.41961,6.44,1.00,0.00,1.00
11430,1.60,3.39981,6.35,1.00,0.00,1.00
11452,1.62,3.38025,6.34,1.00,0.00,1.00
11472,1.64,3.36069,6.30,1.00,0.00,1.00
11493,1.66,3.34089,6.25,1.00,0.00,1.00
11514,1.68,3.32133,6.19,1.00,0.00,1.00
11535,1.70,3.30177,6.20,1.00,0.00,1.00
11555,1.72,3.28197,6.11,1.00,0.00,1.00
11577,1.74,3.26217,6.09,1.00,0.00,1.00
11597,1.76,3.24261,6.06,1.00,0.00,1.00
11618,1.78,3.22281,6.02,1.00,0.00,1.00
11638,1.80,3.20324,5.96,1.00,0.00,1.00
11660,1.82,3.18368,5.96,1.00,0.00,1.00
11680,1.84,3.16388,5.87,1.00,0.00,1.00
11701,1.86,3.14432,5.86,1.00,0.00,1.00
11722,1.88,3.12476,5.80,1.00,0.00,1.00
11743,1.90,3.10496,5.80,1.00,0.00,1.00
11763,1.91,3.08540,5.72,1.00,0.00,1.00
11785,1.93,3.06560,5.70,1.00,0.00,1.00
11805,1.95,3.04604,5.67,1.00,0.00,1.00
11826,1.97,3.02648,5.63,1.00,0.00,1.00
11847,1.99,3.00668,5.56,1.00,0.00,1.00
11868,2.01,2.98712,5.57,1.00,0.00,1.00
11888,2.03,2.96756,5.49,1.00,0.00,1.00
11910,2.05,2.94800,5.47,1.00,0.00,1.00
11930,2.07,2.92820,5.43,1.00,0.00,1.00
11951,2.09,2.90864,5.39,1.00,0.00,1.00
11971,2.11,2.88884,5.32,1.00,0.00,1.00
11993,2.13,2.86928,5.33,1.00,0.00,1.00
12013,2.15,2.84947,5.24,1.00,0.00,1.00
12034,2.17,2.82991,5.24,1.00,0.00,1.00
12055,2.19,2.81035,5.20,1.00,0.00,1.00
12076,2.21,2.79055,5.15,1.00,0.00,1.00
12096,2.23,2.77099,5.09,1.00,0.00,1.00
12118,2.25,2.75143,5.05,1.00,0.00,1.00
12138,2.27,2.73187,5.06,1.00,0.00,1.00
12158,2.29,2.71207,4.97,1.00,0.00,1.00
12180,2.31,2.69227,4.95,1.00,0.00,1.00
12200,2.33,2.67271,4.92,1.00,0.00,1.00
12221,2.35,2.65291,4.88,1.00,0.00,1.00
12242,2.37,2.63335,4.82,1.00,0.00,1.00
12263,2.39,2.61355,4.82,1.00,0.00,1.00
12283,2.41,2.59399,4.74,1.00,0.00,1.00
12304,2.43,2.57443,4.72,1.00,0.00,1.00
12325,2.45,2.55463,4.68,1.00,0.00,1.00
12346,2.46,2.53507,4.65,1.00,0.00,1.00
12366,2.48,2.51527,4.58,1.00,0.00,1.00
12388,2.50,2.49571,4.57,1.00,0.00,1.00
12408,2.52,2.47591,4.52,1.00,0.00,1.00
12429,2.54,2.45635,4.49,1.00,0.00,1.00
12450,2.56,2.43655,4.42,1.00,0.00,1.00
12471,2.58,2.41698,4.43,1.00,0.00,1.00
12491,2.60,2.39742,4.35,1.00,0.00,1.00
12513,2.62,2.37762,4.32,1.00,0.00,1.00
12533,2.64,2.35782,4.29,1.00,0.00,1.00
12554,2.66,2.33826,4.25,1.00,0.00,1.00
12575,2.68,2.31846,4.18,1.00,0.00,1.00
12596,2.70,2.29866,4.19,1.00,0.00,1.00
12616,2.72,2.27910,4.11,1.00,0.00,1.00
12637,2.74,2.25930,4.09,1.00,0.00,1.00
12658,2.76,2.23974,4.05,1.00,0.00,1.00
12679,2.78,2.22018,4.02,1.00,0.00,1.00
12699,2.80,2.20038,3.95,1.00,0.00,1.00
12721,2.82,2.18058,3.95,1.00,0.00,1.00
12741,2.84,2.16102,3.87,1.00,0.00,1.00
12762,2.86,2.14122,3.85,1.00,0.00,1.00
12783,2.88,2.12166,3.80,1.00,0.00,1.00
12804,2.90,2.10186,3.79,1.00,0.00,1.00
12824,2.92,2.08230,3.72,1.00,0.00,1.00
12846,2.94,2.06274,3.70,1.00,0.00,1.00
12866,2.96,2.04294,3.66,1.00,0.00,1.00
12887,2.98,2.02338,3.62,1.00,0.00,1.00
12908,3.00,2.00358,3.55,1.00,0.00,1.00
12929,3.02,1.98402,3.56,1.00,0.00,1.00
12949,3.04,1.96446,3.48,1.00,0.00,1.00
12969,3.06,1.94466,3.44,1.00,0.00,1.00
12991,3.07,1.92510,3.45,1.00,0.00,1.00
13011,3.09,1.90553,3.36,1.00,0.00,1.00
13032,3.11,1.88597,3.35,1.00,0.00,1.00
13053,3.13,1.86617,3.30,1.00,0.00,1.00
13074,3.15,1.84661,3.27,1.00,0.00,1.00
13094,3.17,1.82705,3.21,1.00,0.00,1.00
13116,3.19,1.80725,3.18,1.00,0.00,1.00
13136,3.21,1.78769,3.15,1.00,0.00,1.00
13157,3.23,1.76789,3.11,1.00,0.00,1.00
13178,3.25,1.74833,3.05,1.00,0.00,1.00
13199,3.27,1.72853,3.05,1.00,0.00,1.00
13219,3.29,1.70897,2.97,1.00,0.00,1.00
13241,3.31,1.68941,2.95,1.00,0.00,1.00
13261,3.33,1.66961,2.91,1.00,0.00,1.00
13282,3.35,1.65005,2.88,1.00,0.00,1.00
13302,3.37,1.63025,2.81,1.00,0.00,1.00
13324,3.39,1.61069,2.82,1.00,0.00,1.00
13344,3.41,1.59089,2.73,1.00,0.00,1.00
13365,3.43,1.57109,2.71,1.00,0.00,1.00
13386,3.45,1.55153,2.68,1.00,0.00,1.00
13407,3.47,1.53197,2.64,1.00,0.00,1.00
13427,3.49,1.51217,2.57,1.00,0.00,1.00
13449,3.51,1.49261,2.56,1.00,0.00,1.00
13469,3.53,1.47281,2.52,1.00,0.00,1.00
13490,3.55,1.45324,2.48,1.00,0.00,1.00
13511,3.57,1.43344,2.41,1.00,0.00,1.00
13532,3.59,1.41364,2.42,1.00,0.00,1.00
13552,3.61,1.39408,2.34,1.00,0.00,1.00
13574,3.63,1.37452,2.32,1.00,0.00,1.00
13594,3.65,1.35472,2.28,1.00,0.00,1.00
13615,3.66,1.33516,2.25,1.00,0.00,1.00
13635,3.68,1.31536,2.18,1.00,0.00,1.00
13657,3.70,1.29556,2.18,1.00,0.00,1.00
13677,3.72,1.27600,2.10,1.00,0.00,1.00
13698,3.74,1.25620,2.08,1.00,0.00,1.00
13719,3.76,1.23640,2.04,1.00,0.00,1.00
13740,3.78,1.21684,2.01,1.00,0.00,1.00
13760,3.80,1.19728,1.95,1.00,0.00,1.00
13782,3.82,1.17748,1.90,1.00,0.00,1.00
13802,3.84,1.15792,1.91,1.00,0.00,1.00
13822,3.86,1.13812,1.82,1.00,0.00,1.00
13844,3.88,1.11832,1.81,1.00,0.00,1.00
13864,3.90,1.09876,1.77,1.00,0.00,1.00
13885,3.92,1.07896,1.73,1.00,0.00,1.00
13906,3.94,1.05940,1.67,1.00,0.00,1.00
13927,3.96,1.03960,1.67,1.00,0.00,1.00
13947,3.98,1.02004,1.59,1.00,0.00,1.00
13968,4.00,1.00024,1.57,1.00,0.00,1.00
13989,4.02,0.98044,1.53,1.00,0.00,1.00
14010,4.04,0.96088,1.50,1.00,0.00,1.00
14030,4.06,0.94108,1.43,1.00,0.00,1.00
14052,4.08,0.92128,1.41,1.00,0.00,1.00
14072,4.10,0.90172,1.38,1.00,0.00,1.00
14093,4.12,0.88192,1.33,1.00,0.00,1.00
14114,4.14,0.86212,1.27,1.00,0.00,1.00
14135,4.16,0.84256,1.28,1.00,0.00,1.00
14155,4.18,0.82276,1.19,1.00,0.00,1.00
14177,4.20,0.80296,1.18,1.00,0.00,1.00
14197,4.22,0.78340,1.14,1.00,0.00,1.00
14218,4.24,0.76360,1.10,1.00,0.00,1.00
14239,4.26,0.74380,1.03,1.00,0.00,1.00
14260,4.28,0.72424,1.04,1.00,0.00,1.00
14280,4.30,0.70444,0.95,0.95,-2.25,0.95
14302,4.32,0.68416,0.95,0.95,-0.29,0.95
14323,4.34,0.66412,0.89,0.89,-2.68,0.89
14345,4.36,0.64432,0.86,0.86,-1.61,0.86
14365,4.38,0.62476,0.82,0.82,-1.59,0.82
14387,4.39,0.60568,0.82,0.82,-0.28,0.82
14408,4.41,0.58731,0.78,0.78,-1.92,0.78
14430,4.43,0.56942,0.77,0.77,-0.23,0.77
14451,4.45,0.55200,0.71,0.71,-3.17,0.71
14473,4.46,0.53507,0.73,0.73,0.75,0.73
14493,4.48,0.51908,0.70,0.70,-1.31,0.70
14515,4.50,0.50334,0.67,0.67,-1.23,0.67
14535,4.51,0.48807,0.65,0.65,-0.91,0.65
14557,4.53,0.47304,0.65,0.65,-0.37,0.65
14578,4.54,0.45873,0.62,0.62,-1.32,0.62
14600,4.56,0.44466,0.61,0.61,-0.33,0.61
14621,4.57,0.43130,0.59,0.59,-1.18,0.59
14643,4.58,0.41842,0.57,0.57,-0.69,0.57
14663,4.59,0.40577,0.55,0.55,-0.93,0.55
14685,4.61,0.39361,0.55,0.55,0.01,0.55
14706,4.62,0.38216,0.52,0.52,-1.63,0.52
14727,4.63,0.37047,0.52,0.52,-0.13,0.52
14748,4.64,0.35926,0.49,0.49,-1.13,0.49
14770,4.65,0.34852,0.49,0.49,0.07,0.49
14790,4.66,0.33826,0.46,0.46,-1.65,0.46
14812,4.67,0.32801,0.46,0.46,0.13,0.46
14832,4.68,0.31823,0.43,0.43,-1.54,0.43
14854,4.69,0.30844,0.44,0.44,0.12,0.44
14875,4.70,0.29938,0.41,0.41,-1.12,0.41
14896,4.71,0.29031,0.42,0.42,0.11,0.42
14917,4.72,0.28197,0.40,0.40,-0.97,0.40
14939,4.73,0.27338,0.39,0.39,-0.16,0.39
14959,4.73,0.26527,0.38,0.38,-0.67,0.38
14981,4.74,0.25716,0.37,0.37,-0.34,0.37
15002,4.75,0.24928,0.35,0.35,-0.90,0.35
15024,4.76,0.24189,0.36,0.36,0.21,0.36
15044,4.77,0.23473,0.33,0.33,-1.26,0.33
15066,4.77,0.22758,0.33,0.33,0.09,0.33
15086,4.78,0.22090,0.32,0.32,-0.88,0.32
15108,4.79,0.21422,0.32,0.32,0.08,0.32
15128,4.79,0.20802,0.30,0.30,-0.78,0.30
15150,4.80,0.20181,0.30,0.30,0.08,0.30
15171,4.80,0.19585,0.28,0.28,-1.00,0.28
15192,4.81,0.18989,0.29,0.29,0.07,0.29
15213,4.82,0.18440,0.27,0.27,-0.63,0.27
15234,4.82,0.17891,0.27,0.27,0.07,0.27
15255,4.83,0.17366,0.26,0.26,-0.51,0.26
15277,4.83,0.16842,0.25,0.25,-0.50,0.25
15297,4.84,0.16341,0.25,0.25,-0.21,0.25
15319,4.84,0.15840,0.24,0.24,-0.21,0.24
15340,4.85,0.15363,0.23,0.23,-0.44,0.23
15362,4.85,0.14909,0.24,0.24,0.07,0.24
15382,4.86,0.14456,0.22,0.22,-0.97,0.22
15404,4.86,0.14027,0.22,0.22,0.32,0.22
15424,4.86,0.13621,0.21,0.21,-0.59,0.21
15446,4.87,0.13192,0.21,0.21,-0.22,0.21
15467,4.87,0.12810,0.21,0.21,-0.04,0.21
15489,4.88,0.12428,0.20,0.20,-0.16,0.20
15510,4.88,0.12047,0.19,0.19,-0.81,0.19
15531,4.88,0.11689,0.19,0.19,0.31,0.19
15552,4.89,0.11355,0.19,0.19,-0.23,0.19
15574,4.89,0.10997,0.17,0.17,-0.85,0.17
15594,4.89,0.10663,0.18,0.18,0.31,0.18
15616,4.90,0.10353,0.17,0.17,-0.39,0.17
15637,4.90,0.10043,0.17,0.17,0.04,0.17
15657,4.90,0.09757,0.17,0.17,-0.16,0.17
15679,4.91,0.09447,0.16,0.16,-0.56,0.16
15699,4.91,0.09160,0.16,0.16,-0.00,0.16
15721,4.91,0.08898,0.16,0.16,0.15,0.16
15742,4.91,0.08612,0.14,0.14,-0.88,0.14
15763,4.92,0.08349,0.15,0.15,0.30,0.15
15784,4.92,0.08111,0.15,0.15,-0.09,0.15
15806,4.92,0.07872,0.14,0.14,-0.23,0.14
15826,4.92,0.07634,0.14,0.14,-0.23,0.14
15848,4.93,0.07395,0.13,0.13,-0.10,0.13
15869,4.93,0.07180,0.13,0.13,-0.06,0.13
15891,4.93,0.06942,0.13,0.13,-0.36,0.13
15912,4.93,0.06751,0.13,0.13,0.13,0.13
15933,4.93,0.06536,0.12,0.12,-0.24,0.12
15954,4.94,0.06345,0.12,0.12,-0.02,0.12
15976,4.94,0.06131,0.11,0.11,-0.47,0.11
15996,4.94,0.05940,0.11,0.11,0.09,0.11
16018,4.94,0.05773,0.12,0.12,0.19,0.12
16038,4.94,0.05606,0.11,0.11,-0.36,0.11
16060,4.95,0.05439,0.11,0.11,0.02,0.11
16080,4.95,0.05272,0.10,0.10,-0.36,0.10
16102,4.95,0.05105,0.11,0.11,0.02,0.11
16122,4.95,0.04938,0.10,0.10,-0.36,0.10
16144,4.95,0.04795,0.10,0.10,0.29,0.10
16164,4.95,0.04652,0.10,0.10,-0.30,0.10
16186,4.95,0.04509,0.10,0.10,0.02,0.10
16207,4.96,0.04365,0.09,0.09,-0.31,0.09
16228,4.96,0.04222,0.09,0.09,0.02,0.09
16249,4.96,0.04079,0.09,0.09,-0.21,0.09
16271,4.96,0.03960,0.09,0.09,0.16,0.09
16291,4.96,0.03817,0.08,0.08,-0.41,0.08
16313,4.96,0.03698,0.09,0.09,0.16,0.09
16333,4.96,0.03602,0.09,0.09,0.18,0.09
16354,4.97,0.03483,0.08,0.08,-0.38,0.08
16375,4.97,0.03364,0.08,0.08,-0.11,0.08
16397,4.97,0.03244,0.08,0.08,-0.05,0.08
16418,4.97,0.03149,0.08,0.08,0.12,0.08
16439,4.97,0.03053,0.08,0.08,-0.09,0.08
16460,4.97,0.02958,0.08,0.08,-0.09,0.08
16482,4.97,0.02839,0.07,0.07,-0.31,0.07
16503,4.97,0.02743,0.07,0.07,0.07,0.07
16524,4.97,0.02672,0.08,0.08,0.28,0.08
16544,4.97,0.02576,0.07,0.07,-0.47,0.07
16566,4.97,0.02505,0.07,0.07,0.28,0.07
16586,4.98,0.02409,0.07,0.07,-0.47,0.07
16608,4.98,0.02338,0.07,0.07,0.28,0.07
16628,4.98,0.02242,0.06,0.06,-0.47,0.06
16650,4.98,0.02171,0.07,0.07,0.28,0.07
16671,4.98,0.02099,0.07,0.07,-0.15,0.07
16692,4.98,0.02028,0.07,0.07,0.01,0.07
16713,4.98,0.01980,0.07,0.07,0.17,0.07
16734,4.98,0.01908,0.06,0.06,-0.26,0.06
16755,4.98,0.01837,0.06,0.06,-0.10,0.06
16777,4.98,0.01765,0.06,0.06,-0.07,0.06
16797,4.98,0.01718,0.06,0.06,0.23,0.06
16819,4.98,0.01646,0.06,0.06,-0.29,0.06
16840,4.98,0.01574,0.05,0.05,-0.15,0.05
16861,4.98,0.01527,0.06,0.06,0.28,0.06
16882,4.99,0.01479,0.06,0.06,-0.07,0.06
16904,4.99,0.01431,0.06,0.06,-0.05,0.06
16924,4.99,0.01360,0.05,0.05,-0.34,0.05
16946,4.99,0.01288,0.05,0.05,-0.03,0.05
16967,4.99,0.01240,0.05,0.05,0.19,0.05
16988,4.99,0.01193,0.05,0.05,-0.04,0.05
17009,4.99,0.01145,0.05,0.05,-0.05,0.05
17031,4.99,0.01097,0.05,0.05,-0.02,0.05
17052,4.99,0.01050,0.05,0.05,-0.07,0.05
17074,4.99,0.01002,0.05,0.05,-0.04,0.05
17094,4.99,0.00978,0.05,0.05,0.25,0.05
17116,4.99,0.00954,0.05,0.05,-0.01,0.05
17137,4.99,0.00906,0.05,0.05,-0.37,0.05
17158,4.99,0.00859,0.05,0.05,0.01,0.05
17179,4.99,0.00811,0.05,0.05,-0.10,0.05
17201,4.99,0.00763,0.05,0.05,0.01,0.05
17221,4.99,0.00740,0.05,0.05,0.22,0.05
17242,4.99,0.00740,0.06,0.06,0.27,0.06
17262,4.99,0.00740,0.06,0.06,0.00,0.06
17284,4.99,0.00716,0.05,0.05,-0.27,0.05
17305,4.99,0.00692,0.05,0.05,-0.05,0.05
17326,4.99,0.00668,0.05,0.05,0.00,0.05
17347,4.99,0.00620,0.04,0.04,-0.33,0.04
17369,4.99,0.00573,0.04,0.04,-0.04,0.04
17389,4.99,0.00549,0.05,0.05,0.25,0.05
17411,4.99,0.00501,0.04,0.04,-0.31,0.04
17431,5.00,0.00477,0.04,0.04,0.25,0.04
17453,5.00,0.00477,0.05,0.05,0.26,0.05
17473,5.00,0.00477,0.05,0.05,0.00,0.05
17494,5.00,0.00453,0.04,0.04,-0.29,0.04
17515,5.00,0.00429,0.04,0.04,-0.02,0.04
17537,5.00,0.00406,0.04,0.04,-0.01,0.04
17558,5.00,0.00358,0.04,0.04,-0.33,0.04
17580,5.00,0.00334,0.04,0.04,0.25,0.04
17600,5.00,0.00310,0.04,0.04,-0.05,0.04
17622,5.00,0.00286,0.04,0.04,0.00,0.04
17642,5.00,0.00286,0.05,0.05,0.27,0.05
17662,5.00,0.00286,0.05,0.05,0.00,0.05
17684,5.00,0.00286,0.05,0.05,0.00,0.05
17704,5.00,0.00262,0.04,0.04,-0.32,0.04
17726,5.00,0.00262,0.05,0.05,0.27,0.05
17746,5.00,0.00239,0.04,0.04,-0.32,0.04
17768,5.00,0.00239,0.05,0.05,0.27,0.05
17788,5.00,0.00239,0.05,0.05,0.00,0.05
17810,5.00,0.00239,0.05,0.05,0.00,0.05
17830,5.00,0.00239,0.05,0.05,0.00,0.05
17851,5.00,0.00239,0.05,0.05,0.00,0.05
17872,5.00,0.00239,0.05,0.05,0.00,0.05
17893,5.00,0.00239,0.05,0.05,0.00,0.05
17913,5.00,0.00239,0.05,0.05,0.00,0.05
17934,5.00,0.00239,0.05,0.05,0.00,0.05
17955,5.00,0.00239,0.05,0.05,0.00,0.05
17976,5.00,0.00239,0.05,0.05,0.00,0.05
17996,5.00,0.00239,0.05,0.05,0.00,0.05
18018,5.00,0.00239,0.05,0.05,0.00,0.05
18038,5.00,0.00239,0.05,0.05,0.00,0.05
18059,5.00,0.00239,0.05,0.05,0.00,0.05
18080,5.00,0.00239,0.05,0.05,0.00,0.05
18101,5.00,0.00239,0.05,0.05,0.00,0.05
18121,5.00,0.00239,0.05,0.05,0.00,0.05
18143,5.00,0.00239,0.05,0.05,0.00,0.05
18163,5.00,0.00239,0.05,0.05,0.00,0.05
18184,5.00,0.00239,0.05,0.05,0.00,0.05
18205,5.00,0.00239,0.05,0.05,0.00,0.05
18226,5.00,0.00239,0.05,0.05,0.00,0.05
18246,5.00,0.00239,0.05,0.05,0.00,0.05
18267,5.00,0.00239,0.05,0.05,0.00,0.05
18288,5.00,0.00239,0.05,0.05,0.00,0.05
18309,5.00,0.00239,0.05,0.05,0.00,0.05
18329,5.00,0.00239,0.05,0.05,0.00,0.05
18351,5.00,0.00239,0.05,0.05,0.00,0.05
18371,5.00,0.00239,0.05,0.05,0.00,0.05
18392,5.00,0.00239,0.05,0.05,0.00,0.05
18413,5.00,0.00239,0.05,0.05,0.00,0.05
18434,5.00,0.00239,0.05,0.05,0.00,0.05
18454,5.00,0.00239,0.05,0.05,0.00,0.05
18476,5.00,0.00239,0.05,0.05,0.00,0.05
18496,5.00,0.00239,0.05,0.05,0.00,0.05
18516,5.00,0.00239,0.05,0.05,0.00,0.05
18538,5.00,0.00239,0.05,0.05,0.00,0.05
18558,5.00,0.00239,0.05,0.05,0.00,0.05
18579,5.00,0.00239,0.05,0.05,0.00,0.05
18599,5.00,0.00239,0.05,0.05,0.00,0.05
26780,5.00,0.00239,0.05,0.05,0.00,0.05
26781,5.00,5.00262,0.01,0.01,1.20,0.01
26803,5.00,5.00262,0.03,0.03,1.20,0.03
26823,5.00,5.00262,0.06,0.06,1.20,0.06
26844,5.00,5.00262,0.08,0.08,1.20,0.08
26864,5.00,5.00262,0.11,0.11,1.20,0.11
26886,5.00,5.00239,0.13,0.13,1.20,0.13
26906,5.00,5.00215,0.16,0.16,1.20,0.16
26927,5.00,5.00119,0.18,0.18,1.20,0.18
26948,5.00,5.00000,0.21,0.21,1.20,0.21
26969,5.00,4.99857,0.23,0.23,1.20,0.23
26989,5.00,4.99642,0.26,0.26,1.20,0.26
27011,5.01,4.99404,0.28,0.28,1.20,0.28
27031,5.01,4.99094,0.31,0.31,1.20,0.31
27052,5.01,4.98760,0.33,0.33,1.20,0.33
27073,5.02,4.98354,0.36,0.36,1.20,0.36
27094,5.02,4.97925,0.38,0.38,1.20,0.38
27114,5.03,4.97424,0.41,0.41,1.20,0.41
27136,5.03,4.96899,0.43,0.43,1.20,0.43
27156,5.04,4.96302,0.46,0.46,1.20,0.46
27176,5.04,4.95682,0.48,0.48,1.20,0.48
27198,5.05,4.94990,0.51,0.51,1.20,0.51
27218,5.06,4.94251,0.53,0.53,1.20,0.53
27239,5.07,4.93488,0.56,0.56,1.20,0.56
27259,5.07,4.92653,0.58,0.58,1.20,0.58
27281,5.08,4.91770,0.61,0.61,1.20,0.61
27301,5.09,4.90840,0.63,0.63,1.20,0.63
27322,5.10,4.89862,0.66,0.66,1.20,0.66
27343,5.11,4.88836,0.68,0.68,1.20,0.68
27364,5.12,4.87786,0.71,0.71,1.20,0.71
27384,5.13,4.86641,0.73,0.73,1.20,0.73
27406,5.15,4.85472,0.75,0.75,1.20,0.75
27426,5.16,4.84256,0.78,0.78,1.20,0.78
27447,5.17,4.82991,0.81,0.81,1.20,0.81
27468,5.18,4.81632,0.83,0.83,1.20,0.83
27489,5.20,4.80248,0.86,0.86,1.20,0.86
27509,5.21,4.78817,0.88,0.88,1.20,0.88
27531,5.23,4.77338,0.90,0.90,1.20,0.90
27551,5.24,4.75811,0.93,0.93,1.20,0.93
27572,5.26,4.74237,0.96,0.96,1.20,0.96
27592,5.27,4.72614,0.98,0.98,1.20,0.98
27621,5.29,4.70945,1.01,1.00,0.94,1.00
27641,5.31,4.68607,8.98,1.00,0.00,1.00
27663,5.33,4.66818,8.95,1.00,0.00,1.00
27683,5.35,4.65005,8.91,1.00,0.00,1.00
27704,5.37,4.63168,8.87,1.00,0.00,1.00
27724,5.39,4.61283,8.80,1.00,0.00,1.00
27746,5.41,4.59399,8.80,1.00,0.00,1.00
27766,5.42,4.57514,8.72,1.00,0.00,1.00
27787,5.44,4.55606,8.70,1.00,0.00,1.00
27808,5.46,4.53674,8.65,1.00,0.00,1.00
27829,5.48,4.51741,8.62,1.00,0.00,1.00
27849,5.50,4.49809,8.55,1.00,0.00,1.00
27871,5.52,4.47877,8.54,1.00,0.00,1.00
27891,5.54,4.45921,8.49,1.00,0.00,1.00
27912,5.56,4.43989,8.46,1.00,0.00,1.00
27933,5.58,4.42032,8.39,1.00,0.00,1.00
27954,5.60,4.40100,8.40,1.00,0.00,1.00
27974,5.62,4.38144,8.31,1.00,0.00,1.00
27996,5.64,4.36188,8.30,1.00,0.00,1.00
28016,5.66,4.34232,8.26,1.00,0.00,1.00
28037,5.68,4.32276,8.22,1.00,0.00,1.00
28057,5.70,4.30320,8.16,1.00,0.00,1.00
28079,5.72,4.28364,8.16,1.00,0.00,1.00
28099,5.74,4.26407,8.08,1.00,0.00,1.00
28120,5.76,4.24451,8.06,1.00,0.00,1.00
28141,5.78,4.22471,8.02,1.00,0.00,1.00
28162,5.79,4.20515,7.99,1.00,0.00,1.00
28182,5.81,4.18559,7.92,1.00,0.00,1.00
28204,5.83,4.16579,7.90,1.00,0.00,1.00
28224,5.85,4.14623,7.87,1.00,0.00,1.00
28244,5.87,4.12667,7.81,1.00,0.00,1.00
28266,5.89,4.10711,7.79,1.00,0.00,1.00
28286,5.91,4.08731,7.74,1.00,0.00,1.00
28307,5.93,4.06775,7.71,1.00,0.00,1.00
28328,5.95,4.04819,7.65,1.00,0.00,1.00
28349,5.97,4.02839,7.65,1.00,0.00,1.00
28369,5.99,4.00883,7.57,1.00,0.00,1.00
28390,6.01,3.98903,7.55,1.00,0.00,1.00
28411,6.03,3.96947,7.51,1.00,0.00,1.00
28432,6.05,3.94967,7.47,1.00,0.00,1.00
28452,6.07,3.93011,7.41,1.00,0.00,1.00
28474,6.09,3.91054,7.42,1.00,0.00,1.00
28494,6.11,3.89074,7.33,1.00,0.00,1.00
28515,6.13,3.87118,7.32,1.00,0.00,1.00
28536,6.15,3.85162,7.26,1.00,0.00,1.00
28557,6.17,3.83182,7.25,1.00,0.00,1.00
28577,6.19,3.81226,7.18,1.00,0.00,1.00
28599,6.21,3.79246,7.15,1.00,0.00,1.00
28619,6.23,3.77290,7.12,1.00,0.00,1.00
28640,6.25,3.75310,7.08,1.00,0.00,1.00
28661,6.27,3.73354,7.02,1.00,0.00,1.00
28682,6.29,3.71374,7.02,1.00,0.00,1.00
28702,6.31,3.69418,6.94,1.00,0.00,1.00
28723,6.33,3.67438,6.92,1.00,0.00,1.00
28744,6.35,3.65482,6.88,1.00,0.00,1.00
28765,6.36,3.63502,6.84,1.00,0.00,1.00
28785,6.38,3.61546,6.78,1.00,0.00,1.00
28807,6.40,3.59566,6.78,1.00,0.00,1.00
28827,6.42,3.57586,6.70,1.00,0.00,1.00
28848,6.44,3.55630,6.69,1.00,0.00,1.00
28869,6.46,3.53650,6.62,1.00,0.00,1.00
28890,6.48,3.51694,6.63,1.00,0.00,1.00
28910,6.50,3.49714,6.54,1.00,0.00,1.00
28932,6.52,3.47734,6.52,1.00,0.00,1.00
28952,6.54,3.45778,6.49,1.00,0.00,1.00
28973,6.56,3.43798,6.45,1.00,0.00,1.00
28994,6.58,3.41842,6.39,1.00,0.00,1.00
29015,6.60,3.39862,6.39,1.00,0.00,1.00
29035,6.62,3.37906,6.31,1.00,0.00,1.00
29056,6.64,3.35949,6.29,1.00,0.00,1.00
29077,6.66,3.33969,6.25,1.00,0.00,1.00
29097,6.68,3.31989,6.19,1.00,0.00,1.00
29118,6.70,3.30033,6.18,1.00,0.00,1.00
29139,6.72,3.28053,6.13,1.00,0.00,1.00
29160,6.74,3.26073,6.09,1.00,0.00,1.00
29180,6.76,3.24117,6.03,1.00,0.00,1.00
29202,6.78,3.22137,6.01,1.00,0.00,1.00
29222,6.80,3.20181,5.98,1.00,0.00,1.00
29243,6.82,3.18201,5.93,1.00,0.00,1.00
29264,6.84,3.16221,5.87,1.00,0.00,1.00
29285,6.86,3.14265,5.88,1.00,0.00,1.00
29305,6.88,3.12285,5.79,1.00,0.00,1.00
29327,6.90,3.10305,5.78,1.00,0.00,1.00
29347,6.92,3.08349,5.74,1.00,0.00,1.00
29368,6.94,3.06369,5.70,1.00,0.00,1.00
29388,6.96,3.04413,5.64,1.00,0.00,1.00
29410,6.98,3.02433,5.64,1.00,0.00,1.00
29430,7.00,3.00453,5.56,1.00,0.00,1.00
29451,7.02,2.98497,5.55,1.00,0.00,1.00
29472,7.03,2.96517,5.50,1.00,0.00,1.00
29493,7.05,2.94537,5.46,1.00,0.00,1.00
29513,7.07,2.92581,5.40,1.00,0.00,1.00
29535,7.09,2.90601,5.38,1.00,0.00,1.00
29555,7.11,2.88621,5.34,1.00,0.00,1.00
29576,7.13,2.86641,5.30,1.00,0.00,1.00
29597,7.15,2.84685,5.25,1.00,0.00,1.00
29618,7.17,2.82705,5.25,1.00,0.00,1.00
29638,7.19,2.80749,5.17,1.00,0.00,1.00
29660,7.21,2.78769,5.14,1.00,0.00,1.00
29680,7.23,2.76789,5.11,1.00,0.00,1.00
29701,7.25,2.74833,5.07,1.00,0.00,1.00
29721,7.27,2.72853,5.00,1.00,0.00,1.00
29743,7.29,2.70873,5.01,1.00,0.00,1.00
29763,7.31,2.68917,4.93,1.00,0.00,1.00
29784,7.33,2.66937,4.91,1.00,0.00,1.00
29805,7.35,2.64957,4.87,1.00,0.00,1.00
29826,7.37,2.63001,4.84,1.00,0.00,1.00
29846,7.39,2.61021,4.77,1.00,0.00,1.00
29868,7.41,2.59041,4.75,1.00,0.00,1.00
29888,7.43,2.57085,4.72,1.00,0.00,1.00
29908,7.45,2.55105,4.65,1.00,0.00,1.00
29930,7.47,2.53125,4.63,1.00,0.00,1.00
29950,7.49,2.51169,4.60,1.00,0.00,1.00
29971,7.51,2.49189,4.55,1.00,0.00,1.00
29992,7.53,2.47233,4.50,1.00,0.00,1.00
30013,7.55,2.45253,4.50,1.00,0.00,1.00
30033,7.57,2.43273,4.41,1.00,0.00,1.00
30054,7.59,2.41317,4.40,1.00,0.00,1.00
30075,7.61,2.39337,4.36,1.00,0.00,1.00
30096,7.63,2.37357,4.32,1.00,0.00,1.00
30116,7.65,2.35401,4.26,1.00,0.00,1.00
30138,7.67,2.33421,4.26,1.00,0.00,1.00
30158,7.69,2.31441,4.17,1.00,0.00,1.00
30179,7.71,2.29485,4.16,1.00,0.00,1.00
30200,7.72,2.27505,4.10,1.00,0.00,1.00
30221,7.74,2.25525,4.10,1.00,0.00,1.00
30241,7.76,2.23545,4.02,1.00,0.00,1.00
30263,7.78,2.21589,4.01,1.00,0.00,1.00
30283,7.80,2.19609,3.96,1.00,0.00,1.00
30304,7.82,2.17653,3.93,1.00,0.00,1.00
30325,7.84,2.15673,3.86,1.00,0.00,1.00
30346,7.86,2.13693,3.86,1.00,0.00,1.00
30366,7.88,2.11713,3.78,1.00,0.00,1.00
30387,7.90,2.09757,3.77,1.00,0.00,1.00
30408,7.92,2.07777,3.73,1.00,0.00,1.00
30429,7.94,2.05797,3.69,1.00,0.00,1.00
30449,7.96,2.03841,3.63,1.00,0.00,1.00
30471,7.98,2.01861,3.63,1.00,0.00,1.00
30491,8.00,1.99881,3.54,1.00,0.00,1.00
30512,8.02,1.97901,3.53,1.00,0.00,1.00
30533,8.04,1.95945,3.47,1.00,0.00,1.00
30554,8.06,1.93965,3.47,1.00,0.00,1.00
30574,8.08,1.91985,3.39,1.00,0.00,1.00
30596,8.10,1.90029,3.38,1.00,0.00,1.00
30616,8.12,1.88049,3.33,1.00,0.00,1.00
30637,8.14,1.86069,3.29,1.00,0.00,1.00
30658,8.16,1.84113,3.23,1.00,0.00,1.00
30679,8.18,1.82133,3.23,1.00,0.00,1.00
30699,8.20,1.80153,3.15,1.00,0.00,1.00
30720,8.22,1.78197,3.14,1.00,0.00,1.00
30741,8.24,1.76217,3.09,1.00,0.00,1.00
30761,8.26,1.74261,3.04,1.00,0.00,1.00
30782,8.28,1.72281,3.02,1.00,0.00,1.00
30803,8.30,1.70301,2.98,1.00,0.00,1.00
30824,8.32,1.68321,2.94,1.00,0.00,1.00
30844,8.34,1.66364,2.88,1.00,0.00,1.00
30866,8.36,1.64385,2.86,1.00,0.00,1.00
30886,8.38,1.62405,2.82,1.00,0.00,1.00
30907,8.40,1.60448,2.78,1.00,0.00,1.00
30928,8.42,1.58469,2.72,1.00,0.00,1.00
30949,8.44,1.56489,2.72,1.00,0.00,1.00
30969,8.45,1.54509,2.64,1.00,0.00,1.00
30991,8.47,1.52529,2.62,1.00,0.00,1.00
31011,8.49,1.50549,2.58,1.00,0.00,1.00
31032,8.51,1.48593,2.55,1.00,0.00,1.00
31052,8.53,1.46613,2.48,1.00,0.00,1.00
31074,8.55,1.44633,2.48,1.00,0.00,1.00
31094,8.57,1.42653,2.40,1.00,0.00,1.00
31115,8.59,1.40673,2.38,1.00,0.00,1.00
31136,8.61,1.38693,2.34,1.00,0.00,1.00
31157,8.63,1.36737,2.31,1.00,0.00,1.00
31177,8.65,1.34757,2.24,1.00,0.00,1.00
31199,8.67,1.32777,2.23,1.00,0.00,1.00
31219,8.69,1.30797,2.19,1.00,0.00,1.00
31240,8.71,1.28817,2.15,1.00,0.00,1.00
31261,8.73,1.26837,2.08,1.00,0.00,1.00
31282,8.75,1.24881,2.09,1.00,0.00,1.00
31302,8.77,1.22901,2.00,1.00,0.00,1.00
31324,8.79,1.20921,1.99,1.00,0.00,1.00
31344,8.81,1.18941,1.95,1.00,0.00,1.00
31365,8.83,1.16961,1.91,1.00,0.00,1.00
31385,8.85,1.14981,1.85,1.00,0.00,1.00
31407,8.87,1.13025,1.86,1.00,0.00,1.00
31427,8.89,1.11045,1.77,1.00,0.00,1.00
31448,8.91,1.09065,1.75,1.00,0.00,1.00
31469,8.93,1.07085,1.71,1.00,0.00,1.00
31490,8.95,1.05105,1.67,1.00,0.00,1.00
31510,8.97,1.03149,1.61,1.00,0.00,1.00
31532,8.99,1.01169,1.59,1.00,0.00,1.00
31552,9.01,0.99189,1.55,1.00,0.00,1.00
31572,9.03,0.97233,1.50,1.00,0.00,1.00
31594,9.05,0.95253,1.47,1.00,0.00,1.00
31614,9.07,0.93273,1.44,1.00,0.00,1.00
31635,9.09,0.91293,1.40,1.00,0.00,1.00
31656,9.11,0.89313,1.33,1.00,0.00,1.00
31677,9.13,0.87357,1.34,1.00,0.00,1.00
31697,9.15,0.85377,1.25,1.00,0.00,1.00
31718,9.17,0.83397,1.24,1.00,0.00,1.00
31739,9.19,0.81417,1.20,1.00,0.00,1.00
31760,9.21,0.79437,1.16,1.00,0.00,1.00
31780,9.23,0.77481,1.10,1.00,0.00,1.00
31802,9.24,0.75501,1.10,1.00,0.00,1.00
31822,9.26,0.73521,1.02,1.00,0.00,1.00
31843,9.28,0.71541,1.00,1.00,0.00,1.00
31864,9.30,0.69585,0.94,0.94,-2.81,0.94
31885,9.32,0.67557,0.93,0.93,-0.56,0.93
31906,9.34,0.65553,0.87,0.87,-2.68,0.87
31928,9.36,0.63550,0.86,0.86,-0.84,0.86
31949,9.38,0.61617,0.81,0.81,-2.06,0.81
31971,9.40,0.59733,0.81,0.81,-0.27,0.81
31992,9.42,0.57896,0.74,0.74,-3.38,0.74
32013,9.44,0.56131,0.76,0.76,1.03,0.76
32034,9.46,0.54437,0.73,0.73,-1.71,0.73
32056,9.47,0.52791,0.70,0.70,-1.03,0.70
32076,9.49,0.51169,0.68,0.68,-1.27,0.68
32098,9.50,0.49594,0.68,0.68,-0.14,0.68
32119,9.52,0.48092,0.64,0.64,-1.43,0.64
32141,9.53,0.46613,0.64,0.64,-0.36,0.64
32162,9.55,0.45205,0.59,0.59,-2.19,0.59
32183,9.56,0.43822,0.60,0.60,0.44,0.60
32204,9.57,0.42510,0.58,0.58,-1.15,0.58
32226,9.59,0.41197,0.55,0.55,-1.25,0.55
32246,9.60,0.39909,0.53,0.53,-0.95,0.53
32268,9.61,0.38693,0.54,0.54,0.27,0.54
32289,9.62,0.37524,0.50,0.50,-1.95,0.50
32310,9.64,0.36379,0.51,0.51,0.41,0.51
32331,9.65,0.35305,0.48,0.48,-1.48,0.48
32352,9.66,0.34232,0.48,0.48,0.13,0.48
32373,9.67,0.33230,0.47,0.47,-0.70,0.47
32395,9.68,0.32204,0.44,0.44,-1.25,0.44
32415,9.69,0.31226,0.43,0.43,-0.39,0.43
32437,9.70,0.30296,0.44,0.44,0.13,0.44
32458,9.71,0.29389,0.40,0.40,-1.66,0.40
32479,9.71,0.28507,0.41,0.41,0.38,0.41
32500,9.72,0.27648,0.39,0.39,-1.00,0.39
32522,9.73,0.26813,0.38,0.38,-0.52,0.38
32542,9.74,0.26002,0.37,0.37,-0.50,0.37
32564,9.75,0.25215,0.37,0.37,-0.07,0.37
32585,9.76,0.24451,0.35,0.35,-0.86,0.35
32607,9.76,0.23712,0.35,0.35,-0.05,0.35
32628,9.77,0.22996,0.32,0.32,-1.26,0.32
32649,9.78,0.22304,0.33,0.33,0.36,0.33
32670,9.78,0.21636,0.31,0.31,-0.72,0.31
32692,9.79,0.20992,0.31,0.31,-0.34,0.31
32712,9.80,0.20348,0.29,0.29,-0.61,0.29
32734,9.80,0.19728,0.29,0.29,0.00,0.29
32755,9.81,0.19132,0.27,0.27,-1.00,0.27
32776,9.81,0.18559,0.28,0.28,0.34,0.28
32797,9.82,0.18011,0.26,0.26,-0.90,0.26
32818,9.83,0.17462,0.27,0.27,0.07,0.27
32839,9.83,0.16961,0.26,0.26,-0.22,0.26
32861,9.84,0.16460,0.25,0.25,-0.48,0.25
32881,9.84,0.15959,0.24,0.24,-0.48,0.24
32903,9.85,0.15482,0.24,0.24,0.06,0.24
32924,9.85,0.15005,0.22,0.22,-1.02,0.22
32945,9.85,0.14552,0.23,0.23,0.33,0.23
32966,9.86,0.14122,0.22,0.22,-0.37,0.22
32988,9.86,0.13717,0.22,0.22,-0.11,0.22
33008,9.87,0.13287,0.20,0.20,-0.68,0.20
33030,9.87,0.12906,0.21,0.21,0.36,0.21
33050,9.88,0.12500,0.19,0.19,-1.13,0.19
33072,9.88,0.12142,0.20,0.20,0.59,0.20
33093,9.88,0.11784,0.19,0.19,-0.76,0.19
33114,9.89,0.11427,0.19,0.19,0.04,0.19
33135,9.89,0.11069,0.18,0.18,-0.52,0.18
33157,9.89,0.10735,0.18,0.18,-0.05,0.18
33177,9.90,0.10401,0.17,0.17,-0.32,0.17
33199,9.90,0.10091,0.17,0.17,0.13,0.17
33220,9.90,0.09804,0.17,0.17,-0.34,0.17
33241,9.91,0.09494,0.16,0.16,-0.23,0.16
33262,9.91,0.09208,0.16,0.16,-0.16,0.16
33284,9.91,0.08922,0.15,0.15,-0.12,0.15
33305,9.91,0.08659,0.15,0.15,-0.13,0.15
33327,9.92,0.08397,0.15,0.15,-0.25,0.15
33347,9.92,0.08135,0.14,0.14,-0.25,0.14
33369,9.92,0.07896,0.14,0.14,0.16,0.14
33390,9.92,0.07657,0.13,0.13,-0.51,0.13
33411,9.93,0.07419,0.14,0.14,0.03,0.14
33432,9.93,0.07180,0.13,0.13,-0.35,0.13
33454,9.93,0.06966,0.13,0.13,0.07,0.13
33474,9.93,0.06751,0.12,0.12,-0.20,0.12
33496,9.93,0.06536,0.12,0.12,-0.20,0.12
33516,9.94,0.06345,0.12,0.12,0.09,0.12
33538,9.94,0.06155,0.12,0.12,-0.08,0.12
33559,9.94,0.05964,0.11,0.11,-0.41,0.11
33580,9.94,0.05773,0.11,0.11,0.02,0.11
33601,9.94,0.05606,0.11,0.11,0.01,0.11
33622,9.95,0.05439,0.11,0.11,-0.16,0.11
33643,9.95,0.05272,0.11,0.11,-0.16,0.11
33665,9.95,0.05105,0.10,0.10,-0.16,0.10
33686,9.95,0.04938,0.10,0.10,-0.16,0.10
33707,9.95,0.04771,0.10,0.10,-0.07,0.10
33728,9.95,0.04628,0.10,0.10,0.05,0.10
33748,9.96,0.04485,0.09,0.09,-0.23,0.09
33770,9.96,0.04342,0.10,0.10,0.02,0.10
33792,9.96,0.04198,0.09,0.09,-0.31,0.09
33812,9.96,0.04079,0.10,0.10,0.29,0.10
33833,9.96,0.03960,0.09,0.09,-0.17,0.09
33855,9.96,0.03817,0.08,0.08,-0.41,0.08
33875,9.96,0.03697,0.09,0.09,0.16,0.09
33897,9.96,0.03578,0.08,0.08,-0.11,0.08
33918,9.97,0.03459,0.08,0.08,-0.11,0.08
33939,9.97,0.03340,0.08,0.08,-0.05,0.08
33960,9.97,0.03244,0.08,0.08,0.12,0.08
33981,9.97,0.03125,0.08,0.08,-0.38,0.08
34002,9.97,0.03030,0.08,0.08,0.18,0.08
34024,9.97,0.02910,0.07,0.07,-0.38,0.07
34044,9.97,0.02815,0.07,0.07,0.18,0.07
34066,9.97,0.02719,0.07,0.07,-0.04,0.07
34087,9.97,0.02624,0.07,0.07,-0.20,0.07
34108,9.97,0.02529,0.07,0.07,0.01,0.07
34129,9.98,0.02457,0.07,0.07,0.12,0.07
34150,9.98,0.02386,0.07,0.07,0.01,0.07
34170,9.98,0.02290,0.06,0.06,-0.48,0.06
34192,9.98,0.02219,0.07,0.07,0.28,0.07
34212,9.98,0.02147,0.07,0.07,-0.15,0.07
34234,9.98,0.02075,0.07,0.07,0.01,0.07
34255,9.98,0.02004,0.06,0.06,-0.15,0.06
34276,9.98,0.01932,0.06,0.06,0.01,0.06
34297,9.98,0.01861,0.06,0.06,-0.10,0.06
34319,9.98,0.01789,0.06,0.06,-0.07,0.06
34339,9.98,0.01718,0.06,0.06,-0.07,0.06
34361,9.98,0.01670,0.06,0.06,0.24,0.06
34381,9.98,0.01598,0.06,0.06,-0.42,0.06
34403,9.98,0.01527,0.06,0.06,0.01,0.06
34424,9.99,0.01479,0.06,0.06,0.17,0.06
34445,9.99,0.01431,0.06,0.06,0.00,0.06
34465,9.99,0.01384,0.06,0.06,-0.10,0.06
34487,9.99,0.01312,0.05,0.05,-0.26,0.05
34508,9.99,0.01264,0.05,0.05,0.19,0.05
34529,9.99,0.01217,0.05,0.05,-0.04,0.05
34550,9.99,0.01169,0.05,0.05,-0.05,0.05
34572,9.99,0.01121,0.05,0.05,-0.02,0.05
34593,9.99,0.01073,0.05,0.05,-0.10,0.05
34614,9.99,0.01026,0.05,0.05,0.01,0.05
34635,9.99,0.00978,0.05,0.05,-0.07,0.05
34657,9.99,0.00954,0.05,0.05,0.25,0.05
34677,9.99,0.00930,0.05,0.05,-0.02,0.05
34699,9.99,0.00883,0.05,0.05,-0.28,0.05
34720,9.99,0.00835,0.05,0.05,-0.10,0.05
34741,9.99,0.00787,0.05,0.05,0.01,0.05
34762,9.99,0.00739,0.04,0.04,-0.10,0.04
34783,9.99,0.00739,0.06,0.06,0.54,0.06
34804,9.99,0.00739,0.06,0.06,0.00,0.06
34825,9.99,0.00716,0.05,0.05,-0.29,0.05
34846,9.99,0.00692,0.05,0.05,-0.02,0.05
34868,9.99,0.00668,0.05,0.05,-0.01,0.05
34889,9.99,0.00620,0.04,0.04,-0.37,0.04
34910,9.99,0.00572,0.04,0.04,0.00,0.04
34931,9.99,0.00549,0.05,0.05,0.22,0.05
34952,9.99,0.00501,0.04,0.04,-0.32,0.04
34973,10.00,0.00477,0.04,0.04,0.25,0.04
34995,10.00,0.00477,0.05,0.05,0.27,0.05
35016,10.00,0.00453,0.04,0.04,-0.29,0.04
35038,10.00,0.00453,0.05,0.05,0.25,0.05
35059,10.00,0.00406,0.04,0.04,-0.64,0.04
35081,10.00,0.00382,0.04,0.04,0.27,0.04
35102,10.00,0.00334,0.04,0.04,-0.34,0.04
35124,10.00,0.00310,0.04,0.04,0.25,0.04
35145,10.00,0.00286,0.04,0.04,-0.03,0.04
35167,10.00,0.00286,0.05,0.05,0.26,0.05
35188,10.00,0.00262,0.04,0.04,-0.29,0.04
35210,10.00,0.00262,0.05,0.05,0.26,0.05
35231,10.00,0.00239,0.04,0.04,-0.29,0.04
35254,10.00,0.00239,0.05,0.05,0.26,0.05
35274,10.00,0.00239,0.05,0.05,0.00,0.05
35296,10.00,0.00239,0.05,0.05,0.00,0.05
35317,10.00,0.00239,0.05,0.05,0.00,0.05
35339,10.00,0.00239,0.05,0.05,0.00,0.05
35360,10.00,0.00239,0.05,0.05,0.00,0.05
35381,10.00,0.00239,0.05,0.05,0.00,0.05
35402,10.00,0.00239,0.05,0.05,0.00,0.05
35424,10.00,0.00239,0.05,0.05,0.00,0.05
35445,10.00,0.00239,0.05,0.05,0.00,0.05
35467,10.00,0.00239,0.05,0.05,0.00,0.05
35488,10.00,0.00239,0.05,0.05,0.00,0.05
35509,10.00,0.00239,0.05,0.05,0.00,0.05
35530,10.00,0.00239,0.05,0.05,0.00,0.05
35552,10.00,0.00239,0.05,0.05,0.00,0.05
35573,10.00,0.00239,0.05,0.05,0.00,0.05
35595,10.00,0.00239,0.05,0.05,0.00,0.05
35615,10.00,0.00239,0.05,0.05,0.00,0.05
35637,10.00,0.00239,0.05,0.05,0.00,0.05
35658,10.00,0.00239,0.05,0.05,0.00,0.05
35680,10.00,0.00239,0.05,0.05,0.00,0.05
35701,10.00,0.00239,0.05,0.05,0.00,0.05
35723,10.00,0.00239,0.05,0.05,0.00,0.05
35743,10.00,0.00239,0.05,0.05,0.00,0.05
35765,10.00,0.00239,0.05,0.05,0.00,0.05
35786,10.00,0.00239,0.05,0.05,0.00,0.05
35808,10.00,0.00239,0.05,0.05,0.00,0.05
35829,10.00,0.00239,0.05,0.05,0.00,0.05
35851,10.00,0.00239,0.05,0.05,0.00,0.05
35871,10.00,0.00239,0.05,0.05,0.00,0.05
35893,10.00,0.00239,0.05,0.05,0.00,0.05
35914,10.00,0.00239,0.05,0.05,0.00,0.05
35936,10.00,0.00239,0.05,0.05,0.00,0.05
35957,10.00,0.00239,0.05,0.05,0.00,0.05
35978,10.00,0.00239,0.05,0.05,0.00,0.05
35999,10.00,0.00239,0.05,0.05,0.00,0.05
36021,10.00,0.00239,0.05,0.05,0.00,0.05
36042,10.00,0.00239,0.05,0.05,0.00,0.05
36064,10.00,0.00239,0.05,0.05,0.00,0.05
36085,10.00,0.00239,0.05,0.05,0.00,0.05
36106,10.00,0.00239,0.05,0.05,0.00,0.05
36127,10.00,0.00239,0.05,0.05,0.00,0.05
36149,10.00,0.00239,0.05,0.05,0.00,0.05
44332,10.00,0.00239,0.05,0.05,0.00,0.05
44333,10.00,5.00262,0.01,0.01,1.20,0.01
44354,10.00,5.00262,0.03,0.03,1.20,0.03
44376,10.00,5.00262,0.06,0.06,1.20,0.06
44397,10.00,5.00262,0.09,0.09,1.20,0.09
44419,10.00,5.00262,0.11,0.11,1.20,0.11
44439,10.00,5.00238,0.14,0.14,1.20,0.14
44461,10.00,5.00191,0.16,0.16,1.20,0.16
44482,10.00,5.00095,0.19,0.19,1.20,0.19
44504,10.00,4.99976,0.21,0.21,1.20,0.21
44525,10.00,4.99785,0.24,0.24,1.20,0.24
44546,10.00,4.99571,0.26,0.26,1.20,0.26
44567,10.01,4.99284,0.29,0.29,1.20,0.29
44589,10.01,4.98974,0.32,0.32,1.20,0.32
44610,10.01,4.98593,0.34,0.34,1.20,0.34
44632,10.02,4.98163,0.37,0.37,1.20,0.37
44653,10.02,4.97686,0.39,0.39,1.20,0.39
44674,10.03,4.97161,0.42,0.42,1.20,0.42
44695,10.03,4.96589,0.44,0.44,1.20,0.44
44717,10.04,4.95945,0.47,0.47,1.20,0.47
44738,10.05,4.95253,0.49,0.49,1.20,0.49
44760,10.05,4.94513,0.52,0.52,1.20,0.52
44781,10.06,4.93726,0.54,0.54,1.20,0.54
44802,10.07,4.92891,0.57,0.57,1.20,0.57
44823,10.08,4.92009,0.60,0.60,1.20,0.60
44845,10.09,4.91054,0.62,0.62,1.20,0.62
44866,10.10,4.90076,0.65,0.65,1.20,0.65
44888,10.11,4.89027,0.67,0.67,1.20,0.67
44908,10.12,4.87929,0.70,0.70,1.20,0.70
44930,10.13,4.86760,0.72,0.72,1.20,0.72
44951,10.14,4.85568,0.75,0.75,1.20,0.75
44973,10.16,4.84303,0.78,0.78,1.20,0.78
44994,10.17,4.83015,0.80,0.80,1.20,0.80
45016,10.18,4.81679,0.83,0.83,1.20,0.83
45036,10.20,4.80296,0.85,0.85,1.20,0.85
45058,10.21,4.78888,0.88,0.88,1.20,0.88
45079,10.23,4.77385,0.90,0.90,1.20,0.90
45101,10.24,4.75835,0.93,0.93,1.20,0.93
45122,10.26,4.74237,0.95,0.95,1.20,0.95
45143,10.27,4.72567,0.98,0.98,1.20,0.98
45171,10.29,4.70849,1.01,1.00,0.93,1.00
45193,10.32,4.68464,9.00,1.00,0.00,1.00
45214,10.33,4.66651,8.94,1.00,0.00,1.00
45236,10.35,4.64766,8.91,1.00,0.00,1.00
45257,10.37,4.62858,8.82,1.00,0.00,1.00
45279,10.39,4.60949,8.83,1.00,0.00,1.00
45299,10.41,4.58993,8.76,1.00,0.00,1.00
45321,10.43,4.57037,8.74,1.00,0.00,1.00
45342,10.45,4.55057,8.67,1.00,0.00,1.00
45364,10.47,4.53077,8.65,1.00,0.00,1.00
45385,10.49,4.51097,8.57,1.00,0.00,1.00
45406,10.51,4.49094,8.57,1.00,0.00,1.00
45427,10.53,4.47090,8.51,1.00,0.00,1.00
45449,10.55,4.45086,8.49,1.00,0.00,1.00
45470,10.57,4.43082,8.43,1.00,0.00,1.00
45492,10.59,4.41078,8.41,1.00,0.00,1.00
45513,10.61,4.39074,8.32,1.00,0.00,1.00
45534,10.63,4.37071,8.33,1.00,0.00,1.00
45555,10.65,4.35067,8.27,1.00,0.00,1.00
45577,10.67,4.33063,8.25,1.00,0.00,1.00
45598,10.69,4.31059,8.19,1.00,0.00,1.00
45620,10.71,4.29055,8.14,1.00,0.00,1.00
45640,10.73,4.27052,8.10,1.00,0.00,1.00
45662,10.75,4.25048,8.09,1.00,0.00,1.00
45683,10.77,4.23044,8.02,1.00,0.00,1.00
45705,10.79,4.21016,8.00,1.00,0.00,1.00
45726,10.81,4.19012,7.94,1.00,0.00,1.00
45748,10.83,4.16985,7.90,1.00,0.00,1.00
45768,10.85,4.14957,7.86,1.00,0.00,1.00
45790,10.87,4.12953,7.84,1.00,0.00,1.00
45811,10.89,4.10926,7.78,1.00,0.00,1.00
45833,10.91,4.08922,7.76,1.00,0.00,1.00
45854,10.93,4.06918,7.68,1.00,0.00,1.00
45875,10.95,4.04890,7.68,1.00,0.00,1.00
45896,10.97,4.02886,7.62,1.00,0.00,1.00
45918,10.99,4.00859,7.60,1.00,0.00,1.00
45939,11.01,3.98831,7.53,1.00,0.00,1.00
45961,11.03,3.96827,7.52,1.00,0.00,1.00
45982,11.05,3.94800,7.43,1.00,0.00,1.00
46003,11.07,3.92796,7.44,1.00,0.00,1.00
46024,11.09,3.90768,7.37,1.00,0.00,1.00
46046,11.11,3.88764,7.36,1.00,0.00,1.00
46067,11.13,3.86737,7.29,1.00,0.00,1.00
46089,11.15,3.84733,7.28,1.00,0.00,1.00
46110,11.17,3.82705,7.19,1.00,0.00,1.00
46131,11.19,3.80678,7.19,1.00,0.00,1.00
46152,11.21,3.78650,7.13,1.00,0.00,1.00
46174,11.23,3.76646,7.12,1.00,0.00,1.00
46195,11.25,3.74618,7.05,1.00,0.00,1.00
46217,11.27,3.72591,7.01,1.00,0.00,1.00
46237,11.29,3.70587,6.98,1.00,0.00,1.00
46259,11.31,3.68559,6.95,1.00,0.00,1.00
46280,11.33,3.66531,6.89,1.00,0.00,1.00
46302,11.35,3.64504,6.87,1.00,0.00,1.00
46323,11.38,3.62500,6.81,1.00,0.00,1.00
46345,11.40,3.60472,6.77,1.00,0.00,1.00
46365,11.42,3.58469,6.73,1.00,0.00,1.00
46387,11.44,3.56441,6.71,1.00,0.00,1.00
46408,11.46,3.54413,6.65,1.00,0.00,1.00
46430,11.48,3.52386,6.63,1.00,0.00,1.00
46451,11.50,3.50382,6.55,1.00,0.00,1.00
46472,11.52,3.48354,6.55,1.00,0.00,1.00
46493,11.54,3.46326,6.48,1.00,0.00,1.00
46515,11.56,3.44322,6.47,1.00,0.00,1.00
46536,11.58,3.42295,6.40,1.00,0.00,1.00
46558,11.60,3.40267,6.39,1.00,0.00,1.00
46579,11.62,3.38239,6.30,1.00,0.00,1.00
46600,11.64,3.36212,6.30,1.00,0.00,1.00
46621,11.66,3.34184,6.24,1.00,0.00,1.00
46643,11.68,3.32156,6.22,1.00,0.00,1.00
46664,11.70,3.30153,6.17,1.00,0.00,1.00
46686,11.72,3.28125,6.12,1.00,0.00,1.00
46706,11.74,3.26097,6.08,1.00,0.00,1.00
46728,11.76,3.24070,6.06,1.00,0.00,1.00
46749,11.78,3.22042,6.00,1.00,0.00,1.00
46771,11.80,3.20014,5.98,1.00,0.00,1.00
46792,11.82,3.18011,5.92,1.00,0.00,1.00
46814,11.84,3.15983,5.88,1.00,0.00,1.00
46834,11.86,3.13955,5.84,1.00,0.00,1.00
46856,11.88,3.11928,5.82,1.00,0.00,1.00
46877,11.90,3.09924,5.76,1.00,0.00,1.00
46899,11.92,3.07896,5.74,1.00,0.00,1.00
46920,11.94,3.05868,5.65,1.00,0.00,1.00
46942,11.96,3.03841,5.66,1.00,0.00,1.00
46962,11.98,3.01837,5.60,1.00,0.00,1.00
46984,12.00,2.99809,5.58,1.00,0.00,1.00
47005,12.02,2.97781,5.51,1.00,0.00,1.00
47027,12.04,2.95754,5.50,1.00,0.00,1.00
47048,12.06,2.93726,5.41,1.00,0.00,1.00
47069,12.08,2.91698,5.41,1.00,0.00,1.00
47090,12.10,2.89671,5.35,1.00,0.00,1.00
47112,12.12,2.87643,5.33,1.00,0.00,1.00
47133,12.14,2.85615,5.27,1.00,0.00,1.00
47155,12.16,2.83588,5.25,1.00,0.00,1.00
47176,12.18,2.81584,5.17,1.00,0.00,1.00
47197,12.20,2.79556,5.17,1.00,0.00,1.00
47218,12.22,2.77529,5.11,1.00,0.00,1.00
47240,12.24,2.75525,5.10,1.00,0.00,1.00
47261,12.27,2.73497,5.03,1.00,0.00,1.00
47283,12.29,2.71469,4.99,1.00,0.00,1.00
47303,12.31,2.69442,4.95,1.00,0.00,1.00
47325,12.33,2.67414,4.93,1.00,0.00,1.00
47346,12.35,2.65386,4.87,1.00,0.00,1.00
47368,12.37,2.63383,4.85,1.00,0.00,1.00
47389,12.39,2.61355,4.79,1.00,0.00,1.00
47411,12.41,2.59327,4.74,1.00,0.00,1.00
47431,12.43,2.57300,4.70,1.00,0.00,1.00
47453,12.45,2.55272,4.69,1.00,0.00,1.00
47474,12.47,2.53244,4.62,1.00,0.00,1.00
47496,12.49,2.51217,4.60,1.00,0.00,1.00
47517,12.51,2.49189,4.52,1.00,0.00,1.00
47538,12.53,2.47161,4.52,1.00,0.00,1.00
47559,12.55,2.45134,4.46,1.00,0.00,1.00
47581,12.57,2.43106,4.44,1.00,0.00,1.00
47602,12.59,2.41078,4.38,1.00,0.00,1.00
47624,12.61,2.39051,4.36,1.00,0.00,1.00
47645,12.63,2.37023,4.27,1.00,0.00,1.00
47666,12.65,2.34995,4.28,1.00,0.00,1.00
47687,12.67,2.32968,4.22,1.00,0.00,1.00
47709,12.69,2.30940,4.20,1.00,0.00,1.00
47730,12.71,2.28912,4.14,1.00,0.00,1.00
47752,12.73,2.26885,4.10,1.00,0.00,1.00
47773,12.75,2.24857,4.06,1.00,0.00,1.00
47794,12.77,2.22829,4.04,1.00,0.00,1.00
47815,12.79,2.20802,3.97,1.00,0.00,1.00
47837,12.81,2.18774,3.96,1.00,0.00,1.00
47858,12.83,2.16746,3.89,1.00,0.00,1.00
47880,12.85,2.14719,3.85,1.00,0.00,1.00
47900,12.87,2.12691,3.81,1.00,0.00,1.00
47922,12.89,2.10663,3.79,1.00,0.00,1.00
47943,12.91,2.08636,3.73,1.00,0.00,1.00
47965,12.93,2.06608,3.71,1.00,0.00,1.00
47986,12.95,2.04580,3.63,1.00,0.00,1.00
48008,12.97,2.02553,3.63,1.00,0.00,1.00
48028,12.99,2.00525,3.57,1.00,0.00,1.00
48050,13.02,1.98497,3.55,1.00,0.00,1.00
48071,13.04,1.96469,3.49,1.00,0.00,1.00
48093,13.06,1.94466,3.47,1.00,0.00,1.00
48114,13.08,1.92438,3.38,1.00,0.00,1.00
48135,13.10,1.90410,3.39,1.00,0.00,1.00
48156,13.12,1.88383,3.33,1.00,0.00,1.00
48178,13.14,1.86355,3.31,1.00,0.00,1.00
48199,13.16,1.84327,3.24,1.00,0.00,1.00
48221,13.18,1.82300,3.23,1.00,0.00,1.00
48242,13.20,1.80272,3.14,1.00,0.00,1.00
48263,13.22,1.78244,3.15,1.00,0.00,1.00
48284,13.24,1.76240,3.09,1.00,0.00,1.00
48306,13.26,1.74189,3.06,1.00,0.00,1.00
48327,13.28,1.72161,3.00,1.00,0.00,1.00
48349,13.30,1.70157,2.97,1.00,0.00,1.00
48369,13.32,1.68130,2.92,1.00,0.00,1.00
48391,13.34,1.66102,2.90,1.00,0.00,1.00
48412,13.36,1.64074,2.84,1.00,0.00,1.00
48434,13.38,1.62023,2.82,1.00,0.00,1.00
48455,13.40,1.59995,2.76,1.00,0.00,1.00
48477,13.42,1.57968,2.72,1.00,0.00,1.00
48497,13.44,1.55940,2.68,1.00,0.00,1.00
48519,13.46,1.53912,2.66,1.00,0.00,1.00
48540,13.48,1.51885,2.60,1.00,0.00,1.00
48562,13.50,1.49857,2.58,1.00,0.00,1.00
48583,13.52,1.47829,2.49,1.00,0.00,1.00
48604,13.54,1.45802,2.50,1.00,0.00,1.00
48625,13.56,1.43774,2.43,1.00,0.00,1.00
48647,13.58,1.41746,2.42,1.00,0.00,1.00
48668,13.60,1.39695,2.35,1.00,0.00,1.00
48690,13.62,1.37667,2.33,1.00,0.00,1.00
48711,13.64,1.35639,2.25,1.00,0.00,1.00
48732,13.66,1.33612,2.25,1.00,0.00,1.00
48753,13.68,1.31584,2.19,1.00,0.00,1.00
48775,13.70,1.29556,2.17,1.00,0.00,1.00
48796,13.72,1.27529,2.11,1.00,0.00,1.00
48818,13.74,1.25501,2.07,1.00,0.00,1.00
48839,13.77,1.23473,2.03,1.00,0.00,1.00
48860,13.79,1.21446,2.01,1.00,0.00,1.00
48881,13.81,1.19418,1.95,1.00,0.00,1.00
48903,13.83,1.17390,1.93,1.00,0.00,1.00
48924,13.85,1.15363,1.87,1.00,0.00,1.00
48946,13.87,1.13335,1.82,1.00,0.00,1.00
48966,13.89,1.11331,1.79,1.00,0.00,1.00
48988,13.91,1.09303,1.77,1.00,0.00,1.00
49009,13.93,1.07276,1.70,1.00,0.00,1.00
49031,13.95,1.05248,1.69,1.00,0.00,1.00
49052,13.97,1.03220,1.62,1.00,0.00,1.00
49074,13.99,1.01193,1.58,1.00,0.00,1.00
49094,14.01,0.99165,1.54,1.00,0.00,1.00
49116,14.03,0.97137,1.52,1.00,0.00,1.00
49137,14.05,0.95110,1.46,1.00,0.00,1.00
49159,14.07,0.93082,1.44,1.00,0.00,1.00
49180,14.09,0.91054,1.36,1.00,0.00,1.00
49201,14.11,0.89027,1.36,1.00,0.00,1.00
49222,14.13,0.86999,1.30,1.00,0.00,1.00
49244,14.15,0.84971,1.28,1.00,0.00,1.00
49265,14.17,0.82944,1.22,1.00,0.00,1.00
49287,14.19,0.80916,1.20,1.00,0.00,1.00
49308,14.21,0.78888,1.11,1.00,0.00,1.00
49329,14.23,0.76861,1.12,1.00,0.00,1.00
49350,14.25,0.74833,1.05,1.00,0.00,1.00
49372,14.27,0.72805,1.04,1.00,0.00,1.00
49393,14.29,0.70802,0.98,0.98,-0.95,0.98
49415,14.31,0.68702,0.94,0.94,-1.91,0.94
49437,14.33,0.66627,0.88,0.88,-2.78,0.88
49459,14.35,0.64599,0.89,0.89,0.55,0.89
49480,14.37,0.62643,0.80,0.80,-4.36,0.80
49502,14.39,0.60687,0.83,0.83,1.07,0.83
49523,14.41,0.58826,0.77,0.77,-2.62,0.77
49545,14.43,0.56966,0.76,0.76,-0.77,0.76
49566,14.45,0.55177,0.72,0.72,-1.85,0.72
49589,14.47,0.53459,0.74,0.74,0.79,0.74
49610,14.48,0.51813,0.67,0.67,-3.55,0.67
49632,14.50,0.50191,0.69,0.69,1.15,0.69
49653,14.51,0.48664,0.65,0.65,-1.97,0.65
49675,14.53,0.47137,0.64,0.64,-0.63,0.64
49696,14.54,0.45658,0.60,0.60,-1.65,0.60
49719,14.56,0.44227,0.61,0.61,0.54,0.61
49740,14.57,0.42867,0.56,0.56,-2.79,0.56
49762,14.58,0.41531,0.58,0.58,0.99,0.58
49783,14.60,0.40267,0.53,0.53,-2.54,0.53
49805,14.61,0.39003,0.55,0.55,0.69,0.55
49826,14.62,0.37810,0.51,0.51,-1.57,0.51
49848,14.63,0.36617,0.50,0.50,-0.50,0.50
49869,14.65,0.35472,0.48,0.48,-1.16,0.48
49892,14.66,0.34375,0.49,0.49,0.53,0.49
49913,14.67,0.33325,0.45,0.45,-2.24,0.45
49935,14.68,0.32276,0.46,0.46,0.57,0.46
49956,14.69,0.31298,0.43,0.43,-1.15,0.43
49978,14.70,0.30320,0.43,0.43,-0.41,0.43
49999,14.71,0.29365,0.40,0.40,-1.14,0.40
50022,14.72,0.28459,0.41,0.41,0.52,0.41
50043,14.72,0.27600,0.38,0.38,-1.74,0.38
50065,14.73,0.26741,0.39,0.39,0.47,0.39
50086,14.74,0.25930,0.37,0.37,-1.08,0.37
50108,14.75,0.25119,0.36,0.36,-0.34,0.36
50129,14.76,0.24332,0.34,0.34,-0.90,0.34
50152,14.76,0.23593,0.35,0.35,0.52,0.35
50173,14.77,0.22877,0.32,0.32,-1.62,0.32
50195,14.78,0.22161,0.33,0.33,0.39,0.33
50216,14.79,0.21469,0.31,0.31,-1.09,0.31
50238,14.79,0.20825,0.31,0.31,0.25,0.31
50259,14.80,0.20181,0.29,0.29,-0.94,0.29
50281,14.80,0.19561,0.29,0.29,0.00,0.29
50302,14.81,0.18965,0.28,0.28,-0.62,0.28
50324,14.82,0.18392,0.28,0.28,0.02,0.28
50345,14.82,0.17820,0.26,0.26,-0.84,0.26
50367,14.83,0.17271,0.26,0.26,0.03,0.26
50388,14.83,0.16746,0.25,0.25,-0.51,0.25
50411,14.84,0.16221,0.25,0.25,-0.22,0.25
50433,14.84,0.15720,0.25,0.25,0.02,0.25
50454,14.85,0.15243,0.23,0.23,-0.68,0.23
50476,14.85,0.14766,0.23,0.23,-0.20,0.23
50497,14.86,0.14313,0.22,0.22,-0.41,0.22
50520,14.86,0.13860,0.22,0.22,0.01,0.22
50541,14.87,0.13454,0.21,0.21,-0.55,0.21
50563,14.87,0.13025,0.21,0.21,-0.02,0.21
50584,14.87,0.12619,0.20,0.20,-0.54,0.20
50607,14.88,0.12238,0.20,0.20,0.10,0.20
50627,14.88,0.11856,0.19,0.19,-0.56,0.19
50650,14.89,0.11474,0.19,0.19,0.01,0.19
50671,14.89,0.11116,0.17,0.17,-0.68,0.17
50693,14.89,0.10782,0.18,0.18,0.44,0.18
50714,14.90,0.10448,0.17,0.17,-0.88,0.17
50736,14.90,0.10138,0.18,0.18,0.43,0.18
50757,14.90,0.09828,0.16,0.16,-0.60,0.16
50779,14.90,0.09518,0.16,0.16,-0.13,0.16
50800,14.91,0.09208,0.15,0.15,-0.45,0.15
50823,14.91,0.08922,0.16,0.16,0.26,0.16
50844,14.91,0.08659,0.15,0.15,-0.43,0.15
50866,14.92,0.08397,0.15,0.15,0.14,0.15
50887,14.92,0.08135,0.14,0.14,-0.51,0.14
50909,14.92,0.07872,0.14,0.14,-0.11,0.14
50930,14.92,0.07634,0.14,0.14,-0.09,0.14
50953,14.93,0.07395,0.14,0.14,0.01,0.14
50974,14.93,0.07156,0.12,0.12,-0.63,0.12
50996,14.93,0.06942,0.13,0.13,0.38,0.13
51017,14.93,0.06727,0.12,0.12,-0.42,0.12
51039,14.93,0.06512,0.12,0.12,-0.09,0.12
51060,14.94,0.06298,0.12,0.12,-0.32,0.12
51083,14.94,0.06107,0.12,0.12,0.25,0.12
51104,14.94,0.05916,0.11,0.11,-0.50,0.11
51126,14.94,0.05725,0.11,0.11,0.10,0.11
51147,14.94,0.05534,0.10,0.10,-0.50,0.10
51169,14.95,0.05367,0.11,0.11,0.35,0.11
51190,14.95,0.05200,0.11,0.11,-0.32,0.11
51212,14.95,0.05033,0.10,0.10,-0.07,0.10
51233,14.95,0.04866,0.10,0.10,-0.24,0.10
51256,14.95,0.04699,0.10,0.10,0.01,0.10
51277,14.95,0.04556,0.10,0.10,-0.12,0.10
51299,14.96,0.04389,0.09,0.09,-0.17,0.09
51320,14.96,0.04246,0.09,0.09,-0.03,0.09
51343,14.96,0.04127,0.10,0.10,0.21,0.10
51363,14.96,0.03984,0.09,0.09,-0.47,0.09
51386,14.96,0.03864,0.09,0.09,0.25,0.09
51407,14.96,0.03745,0.09,0.09,-0.31,0.09
51429,14.96,0.03602,0.08,0.08,-0.18,0.08
51450,14.97,0.03483,0.08,0.08,0.02,0.08
51472,14.97,0.03387,0.09,0.09,0.22,0.09
51493,14.97,0.03268,0.08,0.08,-0.43,0.08
51515,14.97,0.03149,0.08,0.08,-0.05,0.08
51537,14.97,0.03053,0.08,0.08,0.12,0.08
51558,14.97,0.02958,0.08,0.08,-0.04,0.08
51580,14.97,0.02839,0.07,0.07,-0.43,0.07
51602,14.97,0.02743,0.08,0.08,0.25,0.08
51623,14.97,0.02648,0.07,0.07,-0.19,0.07
51645,14.97,0.02553,0.07,0.07,-0.04,0.07
51666,14.98,0.02481,0.07,0.07,0.15,0.07
51688,14.98,0.02386,0.07,0.07,-0.30,0.07
51710,14.98,0.02290,0.06,0.06,-0.14,0.06
51732,14.98,0.02219,0.07,0.07,0.25,0.07
51753,14.98,0.02147,0.07,0.07,-0.14,0.07
51775,14.98,0.02052,0.06,0.06,-0.30,0.06
51796,14.98,0.01980,0.06,0.06,0.15,0.06
51818,14.98,0.01908,0.06,0.06,-0.03,0.06
51841,14.98,0.01837,0.06,0.06,-0.06,0.06
51862,14.98,0.01765,0.06,0.06,-0.07,0.06
51884,14.98,0.01718,0.06,0.06,0.20,0.06
51905,14.98,0.01646,0.06,0.06,-0.36,0.06
51927,14.98,0.01574,0.06,0.06,-0.03,0.06
51949,14.98,0.01503,0.05,0.05,-0.06,0.05
51971,14.99,0.01455,0.06,0.06,0.20,0.06
51992,14.99,0.01407,0.06,0.06,-0.07,0.06
52014,14.99,0.01360,0.06,0.06,-0.02,0.06
52036,14.99,0.01288,0.05,0.05,-0.36,0.05
52058,14.99,0.01240,0.06,0.06,0.25,0.06
52079,14.99,0.01169,0.05,0.05,-0.45,0.05
52101,14.99,0.01121,0.05,0.05,0.28,0.05
52122,14.99,0.01073,0.05,0.05,-0.09,0.05
52144,14.99,0.01026,0.05,0.05,-0.02,0.05
52165,14.99,0.01002,0.06,0.06,0.22,0.06
52187,14.99,0.00978,0.06,0.06,-0.01,0.06
52209,14.99,0.00930,0.05,0.05,-0.33,0.05
52231,14.99,0.00883,0.05,0.05,0.00,0.05
52252,14.99,0.00811,0.04,0.04,-0.38,0.04
52274,14.99,0.00787,0.05,0.05,0.51,0.05
52295,14.99,0.00739,0.04,0.04,-0.33,0.04
52317,14.99,0.00739,0.06,0.06,0.52,0.06
52338,14.99,0.00716,0.05,0.05,-0.29,0.05
52360,14.99,0.00716,0.06,0.06,0.26,0.06
52381,14.99,0.00668,0.04,0.04,-0.59,0.04
52404,14.99,0.00644,0.05,0.05,0.25,0.05
52424,14.99,0.00596,0.04,0.04,-0.33,0.04
52447,14.99,0.00549,0.04,0.04,0.00,0.04
52468,14.99,0.00501,0.04,0.04,-0.13,0.04
52490,15.00,0.00477,0.05,0.05,0.27,0.05
52511,15.00,0.00477,0.05,0.05,0.26,0.05
52533,15.00,0.00453,0.04,0.04,-0.27,0.04
52554,15.00,0.00429,0.04,0.04,-0.02,0.04
52576,15.00,0.00406,0.04,0.04,-0.02,0.04
52597,15.00,0.00358,0.04,0.04,-0.33,0.04
52620,15.00,0.00334,0.04,0.04,0.25,0.04
52641,15.00,0.00310,0.04,0.04,-0.06,0.04
52663,15.00,0.00286,0.04,0.04,0.01,0.04
52684,15.00,0.00262,0.04,0.04,-0.05,0.04
52706,15.00,0.00262,0.05,0.05,0.26,0.05
52727,15.00,0.00239,0.04,0.04,-0.29,0.04
52749,15.00,0.00239,0.05,0.05,0.26,0.05
52770,15.00,0.00239,0.05,0.05,0.00,0.05
52792,15.00,0.00239,0.05,0.05,0.00,0.05
52813,15.00,0.00239,0.05,0.05,0.00,0.05
52835,15.00,0.00239,0.05,0.05,0.00,0.05
52855,15.00,0.00239,0.05,0.05,0.00,0.05
52877,15.00,0.00239,0.05,0.05,0.00,0.05
52898,15.00,0.00239,0.05,0.05,0.00,0.05
52920,15.00,0.00239,0.05,0.05,0.00,0.05
52941,15.00,0.00239,0.05,0.05,0.00,0.05
52962,15.00,0.00239,0.05,0.05,0.00,0.05
52983,15.00,0.00239,0.05,0.05,0.00,0.05
53005,15.00,0.00239,0.05,0.05,0.00,0.05
53026,15.00,0.00239,0.05,0.05,0.00,0.05
53048,15.00,0.00239,0.05,0.05,0.00,0.05
53069,15.00,0.00239,0.05,0.05,0.00,0.05
53090,15.00,0.00239,0.05,0.05,0.00,0.05
53111,15.00,0.00239,0.05,0.05,0.00,0.05
53133,15.00,0.00239,0.05,0.05,0.00,0.05
53154,15.00,0.00239,0.05,0.05,0.00,0.05
53176,15.00,0.00239,0.05,0.05,0.00,0.05
53196,15.00,0.00239,0.05,0.05,0.00,0.05
53218,15.00,0.00239,0.05,0.05,0.00,0.05
53239,15.00,0.00239,0.05,0.05,0.00,0.05
53261,15.00,0.00239,0.05,0.05,0.00,0.05
53282,15.00,0.00239,0.05,0.05,0.00,0.05
53304,15.00,0.00239,0.05,0.05,0.00,0.05
53324,15.00,0.00239,0.05,0.05,0.00,0.05
53346,15.00,0.00239,0.05,0.05,0.00,0.05
53367,15.00,0.00239,0.05,0.05,0.00,0.05
53389,15.00,0.00239,0.05,0.05,0.00,0.05
53410,15.00,0.00239,0.05,0.05,0.00,0.05
53431,15.00,0.00239,0.05,0.05,0.00,0.05
53452,15.00,0.00239,0.05,0.05,0.00,0.05
53474,15.00,0.00239,0.05,0.05,0.00,0.05
53495,15.00,0.00239,0.05,0.05,0.00,0.05
53517,15.00,0.00239,0.05,0.05,0.00,0.05
53538,15.00,0.00239,0.05,0.05,0.00,0.05
53559,15.00,0.00239,0.05,0.05,0.00,0.05
53580,15.00,0.00239,0.05,0.05,0.00,0.05
53602,15.00,0.00239,0.05,0.05,0.00,0.05
53623,15.00,0.00239,0.05,0.05,0.00,0.05
53645,15.00,0.00239,0.05,0.05,0.00,0.05
53665,15.00,0.00239,0.05,0.05,0.00,0.05
53687,15.00,0.00239,0.05,0.05,0.00,0.05